1,Urbain,Timmons,M,63
2,Jone,Wheatland,M,37
3,Julianna,Lester,F,46
4,Barbey,Frizzell,F,78
5,Vivia,Fraczek,F,20
6,Camila,Whitehouse,F,74
7,Camella,Wolland,F,63
8,Hermione,Blumer,F,75
9,Timmie,de Banke,F,30
10,Garey,Worster,M,57
11,Sydney,Lawman,M,36
12,Ade,Blazdell,M,77
13,Terrel,Cockshut,M,20
14,Christos,Lomb,M,59
15,Flore,Rawson,F,68
16,Ronny,Spuner,M,58
17,Ericka,Shoebottom,F,32
18,Granthem,Devanny,M,34
19,Scotti,Gonning,M,39
20,Robinette,Osmint,F,78
21,Bartholomeus,Conniam,M,46
22,Adams,Lushey,M,62
23,Zelma,Stango,F,23
24,Alexine,Matteucci,F,51
25,Rona,McFeat,F,63
26,Crista,Waller,F,36
27,Cheryl,Coalburn,F,50
28,Florella,Junkinson,F,55
29,Fonsie,Lawrey,M,72
30,Glynnis,Jane,F,78
31,Major,Timlett,M,69
32,Katharine,Rackham,F,44
33,Averill,Heavy,M,59
34,Garrik,Raddish,M,42
35,Errick,Braksper,M,59
36,Ivar,Szepe,M,25
37,Editha,Steptowe,F,21
38,Anne-corinne,Grgic,F,46
39,Wye,Dirand,M,23
40,Gipsy,Aitken,F,38
41,Harriette,Rampton,F,30
42,Nevile,Outright,M,76
43,Blondelle,Dufour,F,32
44,Bobby,Kornalik,F,23
45,Joaquin,Faircliff,M,61
46,Orsa,Rutty,F,79
47,Norina,Legg,F,55
48,Bennie,Winchurch,M,29
49,Querida,Le Prevost,F,38
50,Boy,Lissandrini,M,42
51,Cosme,Oliva,M,24
52,Sawyer,Jeans,M,51
53,Essy,Clell,F,64
54,Elvera,Hedditch,F,50
55,Irma,Pecey,F,61
56,Shanon,Pead,F,35
57,Killian,Simmonite,M,54
58,Viviene,Lovelock,F,22
59,Kent,Quiddinton,M,60
60,Smith,Stollsteiner,M,43
61,Ced,Renne,M,46
62,Misty,Croxall,F,50
63,Darda,Skate,F,75
64,Jaine,Byrom,F,36
65,Humbert,Escot,M,20
66,Tedd,Lakeman,M,60
67,Lotta,Goodison,F,30
68,Olivette,Mathis,F,65
69,Lianna,Scaysbrook,F,32
70,Jesselyn,Cassells,F,39
71,Stephenie,Dysert,F,66
72,Aubrey,Kepling,F,79
73,Emmy,St. Quentin,F,52
74,Keelia,Fynn,F,51
75,Veriee,Werndly,F,35
76,Iorgos,Chattelaine,M,71
77,Barbaraanne,Tidridge,F,56
78,Dalt,Boshier,M,32
79,Mathias,Atwill,M,70
80,Bernadine,McAlees,F,36
81,Georgia,Westmacott,F,42
82,Ingaberg,Aslam,F,36
83,Claiborn,Gladtbach,M,32
84,Petr,Weekland,M,28
85,Sal,Rives,M,61
86,Parry,Fattorini,M,37
87,Jolyn,Trahmel,F,63
88,Lainey,Axtens,F,42
89,Egbert,Assante,M,45
90,Calley,MacVicar,F,61
91,Wells,Maude,M,80
92,Bobbie,Gosneye,F,73
93,Bendite,McCrystal,F,49
94,Hallie,Troy,F,47
95,Charil,Barlie,F,32
96,Wendie,Dyers,F,76
97,Gaston,Crouse,M,20
98,Tommie,Pareman,F,77
99,Corrina,Broggetti,F,67
100,Biddie,Dilon,F,74
